D1-1,D1-2,D1-3,D1-4,D1-5,D1-6,D1-7,D2-1,D2-2,D2-3,D2-4,D2-5,D2-6,D2-7,DAT,D,DT,DD
12.28807099,11.46862958,13.54900725,12.16496962,11.46862958,12.19264891,10.63659179,11.0668192,14.72395442,12.20641816,11.229212,12.63673986,13.6188241,13.64841969,14.72395442,1,12.28807099,1
10.35558076,10.71873374,11.28180928,11.04832821,11.35081439,11.61496344,9.766981117,11.0297439,13.02711125,12.0236568,10.85809657,11.67826258,11.13987147,12.27457501,13.64841969,1,10.35558076,2
10.28737345,10.6573058,10.17058525,10.48808848,10.93538328,10.14673846,9.397744871,10.75910633,11.92169049,10.24113689,10.79902949,11.46862958,9.793703613,11.2468265,13.6188241,1,10.28737345,3
9.601845894,10.12272234,10.09853407,9.949620564,10.61575606,10.02490679,9.274872111,10.46635139,11.58292185,9.820209143,10.77912336,10.71873374,9.766981117,11.10352557,13.54900725,1,9.601845894,4
9.080865185,9.080865185,9.924141173,9.793703613,10.59479691,9.685469281,9.080865185,9.629962874,10.07417072,9.080865185,10.77912336,10.40031433,9.427722109,10.79902949,13.02711125,1,9.080865185,5
8.764214596,8.9790076,9.793703613,9.211558703,10.14673846,9.573479717,9.047293945,9.51597874,9.974905699,8.94427191,9.243378033,10.12272234,9.367477989,10,12.63673986,1,8.764214596,6
8.764214596,8.9790076,9.766981117,9.179406175,10,9.146912192,9.013344776,9.397744871,9.601845894,8.764214596,9.080865185,10.12272234,9.243378033,9.924141173,12.28807099,1,8.764214596,7
8.235490261,8.909126744,9.51597874,8.909126744,9.629962874,9.080865185,8.94427191,9.243378033,9.114068171,8.688978326,8.9790076,9.949620564,8.801117368,9.712868336,12.27457501,1,8.235490261,8
8.050304776,8.801117368,8.94427191,8.532355999,9.427722109,8.801117368,8.94427191,8.726839695,8.94427191,8.6117353,8.9790076,9.712868336,8.726839695,9.397744871,12.20641816,1,8.050304776,9
8.050304776,8.235490261,8.6117353,8.491821095,9.243378033,8.688978326,8.873560657,8.6117353,8.909126744,8.572321289,8.873560657,9.685469281,8.726839695,9.274872111,12.19264891,1,8.050304776,10
7.902529974,8.190362588,8.572321289,8.491821095,9.243378033,8.366600265,8.801117368,8.572321289,8.801117368,8.00195241,8.279888043,9.336914848,8.650615454,9.179406175,12.16496962,1,7.902529974,11
7.902529974,7.79920671,8.366600265,8.450697266,8.9790076,8.235490261,8.650615454,8.450697266,8.764214596,7.902529974,8.190362588,9.274872111,8.572321289,8.837561698,12.0236568,1,7.902529974,12
7.851378225,7.636066982,8.323582901,8.323582901,8.94427191,8.144476399,8.650615454,8.408964153,8.6117353,7.902529974,8.190362588,9.243378033,8.366600265,8.572321289,11.92169049,1,7.851378225,13
7.79920671,7.636066982,8.235490261,8.190362588,8.873560657,8.00195241,8.532355999,8.279888043,8.572321289,7.902529974,8.190362588,9.211558703,8.190362588,8.050304776,11.67826258,1,7.79920671,14
7.79920671,7.579289311,8.235490261,8.144476399,8.801117368,7.952707288,8.491821095,8.279888043,8.450697266,7.851378225,8.00195241,8.9790076,8.050304776,8.00195241,11.61496344,1,7.79920671,15
7.79920671,7.521206186,8.235490261,8.09780126,8.408964153,7.952707288,8.450697266,8.235490261,8.366600265,7.851378225,7.902529974,8.94427191,7.952707288,7.902529974,11.58292185,1,7.79920671,16
7.745966692,7.400828045,8.050304776,8.00195241,8.190362588,7.952707288,8.408964153,8.190362588,8.366600265,7.79920671,7.79920671,8.873560657,7.851378225,7.902529974,11.46862958,1,7.745966692,17
7.745966692,7.338368216,8.00195241,7.952707288,8.190362588,7.902529974,8.408964153,8.190362588,8.144476399,7.745966692,7.79920671,8.764214596,7.579289311,7.79920671,11.46862958,1,7.745966692,18
7.636066982,7.140741918,7.745966692,7.902529974,8.190362588,7.902529974,8.366600265,8.00195241,7.952707288,7.745966692,7.745966692,8.726839695,7.521206186,7.691605673,11.46862958,1,7.636066982,19
7.579289311,7.140741918,7.691605673,7.851378225,8.144476399,7.745966692,8.366600265,7.952707288,7.952707288,7.691605673,7.745966692,8.726839695,7.521206186,7.521206186,11.35081439,1,7.579289311,20
7.579289311,6.999271023,7.636066982,7.79920671,8.144476399,7.691605673,8.323582901,7.851378225,7.851378225,7.691605673,7.579289311,8.532355999,7.521206186,7.521206186,11.28180928,1,7.579289311,21
7.579289311,6.999271023,7.636066982,7.745966692,8.050304776,7.636066982,8.190362588,7.79920671,7.851378225,7.691605673,7.579289311,8.491821095,7.461745347,7.521206186,11.2468265,1,7.579289311,22
7.521206186,6.999271023,7.579289311,7.691605673,8.050304776,7.636066982,8.144476399,7.79920671,7.745966692,7.636066982,7.521206186,8.323582901,7.461745347,7.461745347,11.229212,1,7.521206186,23
7.461745347,6.999271023,7.461745347,7.636066982,8.050304776,7.579289311,8.09780126,7.79920671,7.745966692,7.636066982,7.461745347,8.235490261,7.461745347,7.461745347,11.13987147,1,7.461745347,24
7.338368216,6.925194238,7.338368216,7.579289311,8.050304776,7.521206186,8.050304776,7.745966692,7.579289311,7.636066982,7.461745347,8.190362588,7.338368216,7.461745347,11.10352557,1,7.338368216,25
7.274271525,6.848661008,7.274271525,7.579289311,7.851378225,7.461745347,7.902529974,7.745966692,7.338368216,7.636066982,7.400828045,8.09780126,7.274271525,7.400828045,11.0668192,1,7.274271525,26
7.274271525,6.848661008,7.208434242,7.579289311,7.79920671,7.461745347,7.902529974,7.691605673,7.274271525,7.521206186,7.338368216,7.851378225,7.274271525,7.338368216,11.04832821,1,7.274271525,27
7.208434242,6.769472428,7.208434242,7.521206186,7.691605673,7.461745347,7.851378225,7.691605673,7.274271525,7.461745347,7.338368216,7.745966692,7.274271525,7.274271525,11.0297439,1,7.208434242,28
7.208434242,6.769472428,7.208434242,7.461745347,7.691605673,7.461745347,7.79920671,7.579289311,7.071067812,7.461745347,7.338368216,7.745966692,7.208434242,7.274271525,10.93538328,1,7.208434242,29
7.140741918,6.769472428,7.140741918,7.461745347,7.691605673,7.338368216,7.745966692,7.579289311,6.999271023,7.461745347,7.338368216,7.691605673,7.140741918,7.140741918,10.85809657,1,7.140741918,30
7.071067812,6.68740305,7.140741918,7.400828045,7.636066982,7.338368216,7.745966692,7.461745347,6.999271023,7.400828045,7.208434242,7.691605673,7.140741918,7.140741918,10.79902949,1,7.071067812,31
7.071067812,6.68740305,7.140741918,7.338368216,7.579289311,7.338368216,7.691605673,7.461745347,6.999271023,7.400828045,7.208434242,7.691605673,7.071067812,7.071067812,10.79902949,1,7.071067812,32
7.071067812,6.68740305,7.140741918,7.338368216,7.521206186,7.274271525,7.636066982,7.461745347,6.925194238,7.338368216,7.071067812,7.636066982,7.071067812,7.071067812,10.77912336,1,7.071067812,33
6.999271023,6.68740305,6.999271023,7.208434242,7.521206186,7.208434242,7.636066982,7.400828045,6.925194238,7.338368216,6.999271023,7.521206186,6.999271023,7.071067812,10.77912336,1,6.999271023,34
6.999271023,6.602195804,6.999271023,7.140741918,7.461745347,7.140741918,7.338368216,7.400828045,6.848661008,7.274271525,6.925194238,7.400828045,6.999271023,6.999271023,10.75910633,1,6.999271023,35
6.999271023,6.602195804,6.925194238,7.071067812,7.461745347,7.140741918,7.338368216,7.400828045,6.848661008,7.274271525,6.925194238,7.338368216,6.848661008,6.999271023,10.71873374,1,6.999271023,36
6.999271023,6.602195804,6.848661008,7.071067812,7.400828045,7.140741918,7.338368216,7.208434242,6.848661008,7.208434242,6.925194238,7.338368216,6.848661008,6.925194238,10.71873374,1,6.999271023,37
6.848661008,6.602195804,6.769472428,6.999271023,7.338368216,7.071067812,7.274271525,7.140741918,6.68740305,7.208434242,6.925194238,7.338368216,6.848661008,6.925194238,10.6573058,1,6.848661008,38
6.848661008,6.513555624,6.68740305,6.999271023,7.274271525,6.999271023,7.274271525,7.140741918,6.602195804,7.140741918,6.925194238,7.274271525,6.848661008,6.769472428,10.63659179,1,6.848661008,39
6.848661008,6.513555624,6.68740305,6.848661008,7.274271525,6.925194238,7.208434242,7.071067812,6.513555624,7.140741918,6.848661008,7.274271525,6.602195804,6.769472428,10.61575606,1,6.848661008,40
6.848661008,6.513555624,6.602195804,6.848661008,7.274271525,6.848661008,7.208434242,7.071067812,6.513555624,7.071067812,6.848661008,7.274271525,6.602195804,6.769472428,10.59479691,1,6.848661008,41
6.769472428,6.421141352,6.602195804,6.848661008,7.274271525,6.848661008,7.208434242,7.071067812,6.513555624,6.999271023,6.769472428,7.208434242,6.602195804,6.68740305,10.48808848,1,6.769472428,42
6.769472428,6.421141352,6.602195804,6.769472428,7.208434242,6.848661008,7.140741918,6.999271023,6.421141352,6.999271023,6.769472428,7.208434242,6.602195804,6.68740305,10.46635139,1,6.769472428,43
6.769472428,6.421141352,6.513555624,6.769472428,7.140741918,6.769472428,7.140741918,6.999271023,6.421141352,6.925194238,6.769472428,7.140741918,6.513555624,6.602195804,10.40031433,1,6.769472428,44
6.769472428,6.421141352,6.513555624,6.769472428,7.071067812,6.769472428,7.140741918,6.925194238,6.32455532,6.925194238,6.602195804,7.071067812,6.513555624,6.602195804,10.35558076,1,6.769472428,45
6.68740305,6.421141352,6.513555624,6.68740305,6.999271023,6.68740305,6.999271023,6.925194238,6.32455532,6.848661008,6.602195804,7.071067812,6.513555624,6.602195804,10.28737345,1,6.68740305,46
6.68740305,6.421141352,6.421141352,6.68740305,6.925194238,6.68740305,6.999271023,6.925194238,6.32455532,6.68740305,6.602195804,6.999271023,6.421141352,6.602195804,10.24113689,1,6.68740305,47
6.602195804,6.32455532,6.421141352,6.68740305,6.848661008,6.68740305,6.999271023,6.925194238,6.32455532,6.68740305,6.513555624,6.999271023,6.421141352,6.513555624,10.17058525,1,6.602195804,48
6.602195804,6.32455532,6.421141352,6.68740305,6.848661008,6.68740305,6.925194238,6.925194238,6.32455532,6.68740305,6.513555624,6.999271023,6.32455532,6.513555624,10.14673846,1,6.602195804,49
6.602195804,6.32455532,6.32455532,6.68740305,6.848661008,6.68740305,6.925194238,6.848661008,6.32455532,6.602195804,6.513555624,6.999271023,6.32455532,6.513555624,10.14673846,1,6.602195804,50
6.513555624,6.32455532,6.32455532,6.602195804,6.848661008,6.68740305,6.925194238,6.68740305,6.32455532,6.513555624,6.513555624,6.925194238,6.32455532,6.513555624,10.12272234,1,6.513555624,51
6.513555624,6.32455532,6.32455532,6.602195804,6.769472428,6.602195804,6.925194238,6.68740305,6.223329773,6.421141352,6.513555624,6.848661008,6.223329773,6.513555624,10.12272234,1,6.513555624,52
6.513555624,6.32455532,6.32455532,6.602195804,6.769472428,6.602195804,6.925194238,6.68740305,6.223329773,6.32455532,6.513555624,6.848661008,6.223329773,6.513555624,10.12272234,1,6.513555624,53
6.513555624,6.223329773,6.32455532,6.602195804,6.68740305,6.602195804,6.848661008,6.602195804,6.223329773,6.32455532,6.513555624,6.848661008,6.223329773,6.513555624,10.09853407,1,6.513555624,54
6.513555624,6.223329773,6.223329773,6.602195804,6.68740305,6.602195804,6.848661008,6.602195804,6.223329773,6.32455532,6.421141352,6.848661008,6.223329773,6.421141352,10.07417072,1,6.513555624,55
6.421141352,6.223329773,6.223329773,6.513555624,6.68740305,6.602195804,6.769472428,6.602195804,6.116908849,6.32455532,6.421141352,6.769472428,6.223329773,6.421141352,10.02490679,1,6.421141352,56
6.421141352,6.223329773,6.223329773,6.513555624,6.68740305,6.513555624,6.769472428,6.513555624,6.116908849,6.32455532,6.32455532,6.769472428,6.004624281,6.421141352,10,1,6.421141352,57
6.421141352,6.223329773,6.223329773,6.513555624,6.602195804,6.513555624,6.769472428,6.513555624,6.116908849,6.32455532,6.223329773,6.769472428,6.004624281,6.421141352,10,1,6.421141352,58
6.421141352,6.223329773,6.223329773,6.513555624,6.602195804,6.513555624,6.68740305,6.513555624,6.116908849,6.223329773,6.223329773,6.769472428,5.623413252,6.421141352,9.974905699,1,6.421141352,59
6.421141352,6.116908849,6.116908849,6.421141352,6.602195804,6.513555624,6.68740305,6.513555624,6.004624281,6.223329773,6.223329773,6.68740305,5.623413252,6.421141352,9.949620564,1,6.421141352,60
6.32455532,6.116908849,6.116908849,6.421141352,6.513555624,6.513555624,6.68740305,6.513555624,6.004624281,6.223329773,6.116908849,6.602195804,5.318295897,6.421141352,9.949620564,1,6.32455532,61
6.223329773,6.116908849,6.116908849,6.421141352,6.513555624,6.513555624,6.602195804,6.513555624,6.004624281,6.116908849,6.116908849,6.513555624,5.318295897,6.421141352,9.924141173,1,6.223329773,62
6.116908849,6.004624281,6.116908849,6.32455532,6.513555624,6.513555624,6.602195804,6.513555624,5.885661913,6.116908849,6.116908849,6.421141352,5.318295897,6.32455532,9.924141173,1,6.116908849,63
6.116908849,6.004624281,6.004624281,6.32455532,6.513555624,6.421141352,6.513555624,6.513555624,5.885661913,6.116908849,6.116908849,6.421141352,4.728708045,6.32455532,9.820209143,1,6.116908849,64
6.116908849,6.004624281,6.004624281,6.32455532,6.421141352,6.421141352,6.513555624,6.421141352,5.885661913,6.116908849,6.004624281,6.32455532,,6.32455532,9.793703613,1,6.116908849,65
6.116908849,6.004624281,6.004624281,6.32455532,6.421141352,6.421141352,6.513555624,6.421141352,5.759014491,6.116908849,6.004624281,6.32455532,,6.32455532,9.793703613,1,6.116908849,66
6.116908849,5.885661913,6.004624281,6.32455532,6.421141352,6.421141352,6.421141352,6.32455532,5.759014491,6.004624281,6.004624281,6.32455532,,6.32455532,9.793703613,1,6.116908849,67
6.004624281,5.885661913,6.004624281,6.32455532,6.421141352,6.421141352,6.421141352,6.32455532,5.759014491,5.885661913,6.004624281,6.32455532,,6.223329773,9.766981117,1,6.004624281,68
5.885661913,5.623413252,5.885661913,6.32455532,6.421141352,6.421141352,6.421141352,6.32455532,5.759014491,5.885661913,6.004624281,6.32455532,,6.223329773,9.766981117,1,5.885661913,69
5.885661913,5.623413252,5.885661913,6.223329773,6.32455532,6.421141352,6.421141352,6.32455532,,5.885661913,5.885661913,6.32455532,,6.223329773,9.766981117,1,5.885661913,70
5.885661913,5.477225575,5.759014491,6.223329773,6.32455532,6.32455532,6.421141352,6.223329773,,5.885661913,5.885661913,6.32455532,,6.116908849,9.712868336,1,5.885661913,71
5.623413252,4.949232004,5.623413252,6.223329773,6.223329773,6.32455532,6.32455532,6.223329773,,5.759014491,5.885661913,6.32455532,,6.116908849,9.712868336,1,5.623413252,72
5.477225575,4.728708045,5.623413252,6.223329773,6.223329773,6.32455532,6.32455532,6.223329773,,5.623413252,5.759014491,6.223329773,,6.116908849,9.685469281,1,5.477225575,73
,,5.623413252,6.116908849,6.223329773,6.32455532,6.32455532,6.116908849,,5.623413252,5.477225575,6.223329773,,6.116908849,9.685469281,2,11.46862958,74
,,5.477225575,6.116908849,6.223329773,6.32455532,6.32455532,6.004624281,,5.623413252,5.143686724,6.116908849,,6.116908849,9.629962874,2,10.71873374,75
,,5.318295897,6.116908849,6.116908849,6.32455532,6.32455532,6.004624281,,5.477225575,4.949232004,6.116908849,,6.004624281,9.629962874,2,10.6573058,76
,,5.143686724,6.116908849,6.116908849,6.32455532,6.223329773,6.004624281,,4.728708045,4.728708045,6.116908849,,6.004624281,9.601845894,2,10.12272234,77
,,5.143686724,6.116908849,6.116908849,6.32455532,6.223329773,6.004624281,,,,6.116908849,,6.004624281,9.601845894,2,9.080865185,78
,,,6.116908849,6.116908849,6.32455532,6.223329773,6.004624281,,,,6.004624281,,6.004624281,9.573479717,2,8.9790076,79
,,,6.116908849,6.116908849,6.32455532,6.223329773,6.004624281,,,,6.004624281,,6.004624281,9.51597874,2,8.9790076,80
,,,6.004624281,6.004624281,6.223329773,6.223329773,6.004624281,,,,6.004624281,,6.004624281,9.51597874,2,8.909126744,81
,,,6.004624281,6.004624281,6.223329773,6.116908849,5.885661913,,,,6.004624281,,6.004624281,9.427722109,2,8.801117368,82
,,,6.004624281,6.004624281,6.116908849,6.116908849,5.885661913,,,,6.004624281,,6.004624281,9.427722109,2,8.235490261,83
,,,5.885661913,6.004624281,6.116908849,6.116908849,5.759014491,,,,6.004624281,,6.004624281,9.397744871,2,8.190362588,84
,,,5.885661913,6.004624281,6.116908849,6.116908849,5.759014491,,,,5.885661913,,5.885661913,9.397744871,2,7.79920671,85
,,,5.885661913,5.885661913,6.116908849,6.116908849,5.759014491,,,,5.759014491,,5.885661913,9.397744871,2,7.636066982,86
,,,5.885661913,5.885661913,6.004624281,6.116908849,5.759014491,,,,5.759014491,,5.885661913,9.367477989,2,7.636066982,87
,,,5.885661913,5.759014491,6.004624281,6.116908849,5.759014491,,,,5.759014491,,5.885661913,9.336914848,2,7.579289311,88
,,,5.885661913,5.477225575,6.004624281,6.116908849,5.759014491,,,,5.623413252,,5.759014491,9.274872111,2,7.521206186,89
,,,5.759014491,5.477225575,6.004624281,6.004624281,5.759014491,,,,5.623413252,,5.623413252,9.274872111,2,7.400828045,90
,,,5.759014491,5.477225575,5.885661913,6.004624281,5.623413252,,,,5.143686724,,5.623413252,9.274872111,2,7.338368216,91
,,,5.623413252,5.143686724,5.885661913,6.004624281,5.477225575,,,,4.728708045,,5.623413252,9.243378033,2,7.140741918,92
,,,5.318295897,5.143686724,5.885661913,6.004624281,5.318295897,,,,,,5.477225575,9.243378033,2,7.140741918,93
,,,4.728708045,4.949232004,5.885661913,6.004624281,5.143686724,,,,,,5.318295897,9.243378033,2,6.999271023,94
,,,,,5.885661913,6.004624281,5.143686724,,,,,,5.143686724,9.243378033,2,6.999271023,95
,,,,,5.885661913,6.004624281,,,,,,,,9.243378033,2,6.999271023,96
,,,,,5.759014491,5.885661913,,,,,,,,9.243378033,2,6.999271023,97
,,,,,5.759014491,5.885661913,,,,,,,,9.211558703,2,6.925194238,98
,,,,,5.623413252,5.885661913,,,,,,,,9.211558703,2,6.848661008,99
,,,,,5.477225575,5.885661913,,,,,,,,9.179406175,2,6.848661008,100
,,,,,5.477225575,5.759014491,,,,,,,,9.179406175,2,6.769472428,101
,,,,,5.477225575,5.759014491,,,,,,,,9.146912192,2,6.769472428,102
,,,,,5.318295897,5.623413252,,,,,,,,9.114068171,2,6.769472428,103
,,,,,5.318295897,5.623413252,,,,,,,,9.080865185,2,6.68740305,104
,,,,,4.728708045,,,,,,,,,9.080865185,2,6.68740305,105
,,,,,,,,,,,,,,9.080865185,2,6.68740305,106
,,,,,,,,,,,,,,9.080865185,2,6.68740305,107
,,,,,,,,,,,,,,9.080865185,2,6.602195804,108
,,,,,,,,,,,,,,9.080865185,2,6.602195804,109
,,,,,,,,,,,,,,9.047293945,2,6.602195804,110
,,,,,,,,,,,,,,9.013344776,2,6.602195804,111
,,,,,,,,,,,,,,8.9790076,2,6.513555624,112
,,,,,,,,,,,,,,8.9790076,2,6.513555624,113
,,,,,,,,,,,,,,8.9790076,2,6.513555624,114
,,,,,,,,,,,,,,8.9790076,2,6.421141352,115
,,,,,,,,,,,,,,8.9790076,2,6.421141352,116
,,,,,,,,,,,,,,8.9790076,2,6.421141352,117
,,,,,,,,,,,,,,8.94427191,2,6.421141352,118
,,,,,,,,,,,,,,8.94427191,2,6.421141352,119
,,,,,,,,,,,,,,8.94427191,2,6.421141352,120
,,,,,,,,,,,,,,8.94427191,2,6.32455532,121
,,,,,,,,,,,,,,8.94427191,2,6.32455532,122
,,,,,,,,,,,,,,8.94427191,2,6.32455532,123
,,,,,,,,,,,,,,8.94427191,2,6.32455532,124
,,,,,,,,,,,,,,8.909126744,2,6.32455532,125
,,,,,,,,,,,,,,8.909126744,2,6.32455532,126
,,,,,,,,,,,,,,8.909126744,2,6.223329773,127
,,,,,,,,,,,,,,8.873560657,2,6.223329773,128
,,,,,,,,,,,,,,8.873560657,2,6.223329773,129
,,,,,,,,,,,,,,8.873560657,2,6.223329773,130
,,,,,,,,,,,,,,8.873560657,2,6.223329773,131
,,,,,,,,,,,,,,8.837561698,2,6.223329773,132
,,,,,,,,,,,,,,8.801117368,2,6.116908849,133
,,,,,,,,,,,,,,8.801117368,2,6.116908849,134
,,,,,,,,,,,,,,8.801117368,2,6.116908849,135
,,,,,,,,,,,,,,8.801117368,2,6.004624281,136
,,,,,,,,,,,,,,8.801117368,2,6.004624281,137
,,,,,,,,,,,,,,8.801117368,2,6.004624281,138
,,,,,,,,,,,,,,8.764214596,2,6.004624281,139
,,,,,,,,,,,,,,8.764214596,2,5.885661913,140
,,,,,,,,,,,,,,8.764214596,2,5.885661913,141
,,,,,,,,,,,,,,8.764214596,2,5.623413252,142
,,,,,,,,,,,,,,8.764214596,2,5.623413252,143
,,,,,,,,,,,,,,8.726839695,2,5.477225575,144
,,,,,,,,,,,,,,8.726839695,2,4.949232004,145
,,,,,,,,,,,,,,8.726839695,2,4.728708045,146
,,,,,,,,,,,,,,8.726839695,3,13.54900725,147
,,,,,,,,,,,,,,8.726839695,3,11.28180928,148
,,,,,,,,,,,,,,8.688978326,3,10.17058525,149
,,,,,,,,,,,,,,8.688978326,3,10.09853407,150
,,,,,,,,,,,,,,8.650615454,3,9.924141173,151
,,,,,,,,,,,,,,8.650615454,3,9.793703613,152
,,,,,,,,,,,,,,8.650615454,3,9.766981117,153
,,,,,,,,,,,,,,8.6117353,3,9.51597874,154
,,,,,,,,,,,,,,8.6117353,3,8.94427191,155
,,,,,,,,,,,,,,8.6117353,3,8.6117353,156
,,,,,,,,,,,,,,8.6117353,3,8.572321289,157
,,,,,,,,,,,,,,8.572321289,3,8.366600265,158
,,,,,,,,,,,,,,8.572321289,3,8.323582901,159
,,,,,,,,,,,,,,8.572321289,3,8.235490261,160
,,,,,,,,,,,,,,8.572321289,3,8.235490261,161
,,,,,,,,,,,,,,8.572321289,3,8.235490261,162
,,,,,,,,,,,,,,8.572321289,3,8.050304776,163
,,,,,,,,,,,,,,8.532355999,3,8.00195241,164
,,,,,,,,,,,,,,8.532355999,3,7.745966692,165
,,,,,,,,,,,,,,8.532355999,3,7.691605673,166
,,,,,,,,,,,,,,8.491821095,3,7.636066982,167
,,,,,,,,,,,,,,8.491821095,3,7.636066982,168
,,,,,,,,,,,,,,8.491821095,3,7.579289311,169
,,,,,,,,,,,,,,8.491821095,3,7.461745347,170
,,,,,,,,,,,,,,8.450697266,3,7.338368216,171
,,,,,,,,,,,,,,8.450697266,3,7.274271525,172
,,,,,,,,,,,,,,8.450697266,3,7.208434242,173
,,,,,,,,,,,,,,8.450697266,3,7.208434242,174
,,,,,,,,,,,,,,8.408964153,3,7.208434242,175
,,,,,,,,,,,,,,8.408964153,3,7.140741918,176
,,,,,,,,,,,,,,8.408964153,3,7.140741918,177
,,,,,,,,,,,,,,8.408964153,3,7.140741918,178
,,,,,,,,,,,,,,8.366600265,3,7.140741918,179
,,,,,,,,,,,,,,8.366600265,3,6.999271023,180
,,,,,,,,,,,,,,8.366600265,3,6.999271023,181
,,,,,,,,,,,,,,8.366600265,3,6.925194238,182
,,,,,,,,,,,,,,8.366600265,3,6.848661008,183
,,,,,,,,,,,,,,8.366600265,3,6.769472428,184
,,,,,,,,,,,,,,8.366600265,3,6.68740305,185
,,,,,,,,,,,,,,8.323582901,3,6.68740305,186
,,,,,,,,,,,,,,8.323582901,3,6.602195804,187
,,,,,,,,,,,,,,8.323582901,3,6.602195804,188
,,,,,,,,,,,,,,8.323582901,3,6.602195804,189
,,,,,,,,,,,,,,8.279888043,3,6.513555624,190
,,,,,,,,,,,,,,8.279888043,3,6.513555624,191
,,,,,,,,,,,,,,8.279888043,3,6.513555624,192
,,,,,,,,,,,,,,8.235490261,3,6.421141352,193
,,,,,,,,,,,,,,8.235490261,3,6.421141352,194
,,,,,,,,,,,,,,8.235490261,3,6.421141352,195
,,,,,,,,,,,,,,8.235490261,3,6.32455532,196
,,,,,,,,,,,,,,8.235490261,3,6.32455532,197
,,,,,,,,,,,,,,8.235490261,3,6.32455532,198
,,,,,,,,,,,,,,8.235490261,3,6.32455532,199
,,,,,,,,,,,,,,8.235490261,3,6.32455532,200
,,,,,,,,,,,,,,8.190362588,3,6.223329773,201
,,,,,,,,,,,,,,8.190362588,3,6.223329773,202
,,,,,,,,,,,,,,8.190362588,3,6.223329773,203
,,,,,,,,,,,,,,8.190362588,3,6.223329773,204
,,,,,,,,,,,,,,8.190362588,3,6.223329773,205
,,,,,,,,,,,,,,8.190362588,3,6.116908849,206
,,,,,,,,,,,,,,8.190362588,3,6.116908849,207
,,,,,,,,,,,,,,8.190362588,3,6.116908849,208
,,,,,,,,,,,,,,8.190362588,3,6.116908849,209
,,,,,,,,,,,,,,8.190362588,3,6.004624281,210
,,,,,,,,,,,,,,8.190362588,3,6.004624281,211
,,,,,,,,,,,,,,8.190362588,3,6.004624281,212
,,,,,,,,,,,,,,8.190362588,3,6.004624281,213
,,,,,,,,,,,,,,8.144476399,3,6.004624281,214
,,,,,,,,,,,,,,8.144476399,3,5.885661913,215
,,,,,,,,,,,,,,8.144476399,3,5.885661913,216
,,,,,,,,,,,,,,8.144476399,3,5.759014491,217
,,,,,,,,,,,,,,8.144476399,3,5.623413252,218
,,,,,,,,,,,,,,8.144476399,3,5.623413252,219
,,,,,,,,,,,,,,8.09780126,3,5.623413252,220
,,,,,,,,,,,,,,8.09780126,3,5.477225575,221
,,,,,,,,,,,,,,8.09780126,3,5.318295897,222
,,,,,,,,,,,,,,8.050304776,3,5.143686724,223
,,,,,,,,,,,,,,8.050304776,3,5.143686724,224
,,,,,,,,,,,,,,8.050304776,4,12.16496962,225
,,,,,,,,,,,,,,8.050304776,4,11.04832821,226
,,,,,,,,,,,,,,8.050304776,4,10.48808848,227
,,,,,,,,,,,,,,8.050304776,4,9.949620564,228
,,,,,,,,,,,,,,8.050304776,4,9.793703613,229
,,,,,,,,,,,,,,8.050304776,4,9.211558703,230
,,,,,,,,,,,,,,8.050304776,4,9.179406175,231
,,,,,,,,,,,,,,8.050304776,4,8.909126744,232
,,,,,,,,,,,,,,8.00195241,4,8.532355999,233
,,,,,,,,,,,,,,8.00195241,4,8.491821095,234
,,,,,,,,,,,,,,8.00195241,4,8.491821095,235
,,,,,,,,,,,,,,8.00195241,4,8.450697266,236
,,,,,,,,,,,,,,8.00195241,4,8.323582901,237
,,,,,,,,,,,,,,8.00195241,4,8.190362588,238
,,,,,,,,,,,,,,8.00195241,4,8.144476399,239
,,,,,,,,,,,,,,7.952707288,4,8.09780126,240
,,,,,,,,,,,,,,7.952707288,4,8.00195241,241
,,,,,,,,,,,,,,7.952707288,4,7.952707288,242
,,,,,,,,,,,,,,7.952707288,4,7.902529974,243
,,,,,,,,,,,,,,7.952707288,4,7.851378225,244
,,,,,,,,,,,,,,7.952707288,4,7.79920671,245
,,,,,,,,,,,,,,7.952707288,4,7.745966692,246
,,,,,,,,,,,,,,7.952707288,4,7.691605673,247
,,,,,,,,,,,,,,7.902529974,4,7.636066982,248
,,,,,,,,,,,,,,7.902529974,4,7.579289311,249
,,,,,,,,,,,,,,7.902529974,4,7.579289311,250
,,,,,,,,,,,,,,7.902529974,4,7.579289311,251
,,,,,,,,,,,,,,7.902529974,4,7.521206186,252
,,,,,,,,,,,,,,7.902529974,4,7.461745347,253
,,,,,,,,,,,,,,7.902529974,4,7.461745347,254
,,,,,,,,,,,,,,7.902529974,4,7.400828045,255
,,,,,,,,,,,,,,7.902529974,4,7.338368216,256
,,,,,,,,,,,,,,7.902529974,4,7.338368216,257
,,,,,,,,,,,,,,7.902529974,4,7.208434242,258
,,,,,,,,,,,,,,7.902529974,4,7.140741918,259
,,,,,,,,,,,,,,7.902529974,4,7.071067812,260
,,,,,,,,,,,,,,7.851378225,4,7.071067812,261
,,,,,,,,,,,,,,7.851378225,4,6.999271023,262
,,,,,,,,,,,,,,7.851378225,4,6.999271023,263
,,,,,,,,,,,,,,7.851378225,4,6.848661008,264
,,,,,,,,,,,,,,7.851378225,4,6.848661008,265
,,,,,,,,,,,,,,7.851378225,4,6.848661008,266
,,,,,,,,,,,,,,7.851378225,4,6.769472428,267
,,,,,,,,,,,,,,7.851378225,4,6.769472428,268
,,,,,,,,,,,,,,7.851378225,4,6.769472428,269
,,,,,,,,,,,,,,7.851378225,4,6.68740305,270
,,,,,,,,,,,,,,7.851378225,4,6.68740305,271
,,,,,,,,,,,,,,7.79920671,4,6.68740305,272
,,,,,,,,,,,,,,7.79920671,4,6.68740305,273
,,,,,,,,,,,,,,7.79920671,4,6.68740305,274
,,,,,,,,,,,,,,7.79920671,4,6.602195804,275
,,,,,,,,,,,,,,7.79920671,4,6.602195804,276
,,,,,,,,,,,,,,7.79920671,4,6.602195804,277
,,,,,,,,,,,,,,7.79920671,4,6.602195804,278
,,,,,,,,,,,,,,7.79920671,4,6.602195804,279
,,,,,,,,,,,,,,7.79920671,4,6.513555624,280
,,,,,,,,,,,,,,7.79920671,4,6.513555624,281
,,,,,,,,,,,,,,7.79920671,4,6.513555624,282
,,,,,,,,,,,,,,7.79920671,4,6.513555624,283
,,,,,,,,,,,,,,7.79920671,4,6.421141352,284
,,,,,,,,,,,,,,7.79920671,4,6.421141352,285
,,,,,,,,,,,,,,7.745966692,4,6.421141352,286
,,,,,,,,,,,,,,7.745966692,4,6.32455532,287
,,,,,,,,,,,,,,7.745966692,4,6.32455532,288
,,,,,,,,,,,,,,7.745966692,4,6.32455532,289
,,,,,,,,,,,,,,7.745966692,4,6.32455532,290
,,,,,,,,,,,,,,7.745966692,4,6.32455532,291
,,,,,,,,,,,,,,7.745966692,4,6.32455532,292
,,,,,,,,,,,,,,7.745966692,4,6.32455532,293
,,,,,,,,,,,,,,7.745966692,4,6.223329773,294
,,,,,,,,,,,,,,7.745966692,4,6.223329773,295
,,,,,,,,,,,,,,7.745966692,4,6.223329773,296
,,,,,,,,,,,,,,7.745966692,4,6.223329773,297
,,,,,,,,,,,,,,7.745966692,4,6.116908849,298
,,,,,,,,,,,,,,7.745966692,4,6.116908849,299
,,,,,,,,,,,,,,7.745966692,4,6.116908849,300
,,,,,,,,,,,,,,7.745966692,4,6.116908849,301
,,,,,,,,,,,,,,7.745966692,4,6.116908849,302
,,,,,,,,,,,,,,7.691605673,4,6.116908849,303
,,,,,,,,,,,,,,7.691605673,4,6.116908849,304
,,,,,,,,,,,,,,7.691605673,4,6.004624281,305
,,,,,,,,,,,,,,7.691605673,4,6.004624281,306
,,,,,,,,,,,,,,7.691605673,4,6.004624281,307
,,,,,,,,,,,,,,7.691605673,4,5.885661913,308
,,,,,,,,,,,,,,7.691605673,4,5.885661913,309
,,,,,,,,,,,,,,7.691605673,4,5.885661913,310
,,,,,,,,,,,,,,7.691605673,4,5.885661913,311
,,,,,,,,,,,,,,7.691605673,4,5.885661913,312
,,,,,,,,,,,,,,7.691605673,4,5.885661913,313
,,,,,,,,,,,,,,7.691605673,4,5.759014491,314
,,,,,,,,,,,,,,7.691605673,4,5.759014491,315
,,,,,,,,,,,,,,7.691605673,4,5.623413252,316
,,,,,,,,,,,,,,7.691605673,4,5.318295897,317
,,,,,,,,,,,,,,7.691605673,4,4.728708045,318
,,,,,,,,,,,,,,7.636066982,5,11.46862958,319
,,,,,,,,,,,,,,7.636066982,5,11.35081439,320
,,,,,,,,,,,,,,7.636066982,5,10.93538328,321
,,,,,,,,,,,,,,7.636066982,5,10.61575606,322
,,,,,,,,,,,,,,7.636066982,5,10.59479691,323
,,,,,,,,,,,,,,7.636066982,5,10.14673846,324
,,,,,,,,,,,,,,7.636066982,5,10,325
,,,,,,,,,,,,,,7.636066982,5,9.629962874,326
,,,,,,,,,,,,,,7.636066982,5,9.427722109,327
,,,,,,,,,,,,,,7.636066982,5,9.243378033,328
,,,,,,,,,,,,,,7.636066982,5,9.243378033,329
,,,,,,,,,,,,,,7.636066982,5,8.9790076,330
,,,,,,,,,,,,,,7.636066982,5,8.94427191,331
,,,,,,,,,,,,,,7.636066982,5,8.873560657,332
,,,,,,,,,,,,,,7.636066982,5,8.801117368,333
,,,,,,,,,,,,,,7.636066982,5,8.408964153,334
,,,,,,,,,,,,,,7.579289311,5,8.190362588,335
,,,,,,,,,,,,,,7.579289311,5,8.190362588,336
,,,,,,,,,,,,,,7.579289311,5,8.190362588,337
,,,,,,,,,,,,,,7.579289311,5,8.144476399,338
,,,,,,,,,,,,,,7.579289311,5,8.144476399,339
,,,,,,,,,,,,,,7.579289311,5,8.050304776,340
,,,,,,,,,,,,,,7.579289311,5,8.050304776,341
,,,,,,,,,,,,,,7.579289311,5,8.050304776,342
,,,,,,,,,,,,,,7.579289311,5,8.050304776,343
,,,,,,,,,,,,,,7.579289311,5,7.851378225,344
,,,,,,,,,,,,,,7.579289311,5,7.79920671,345
,,,,,,,,,,,,,,7.579289311,5,7.691605673,346
,,,,,,,,,,,,,,7.579289311,5,7.691605673,347
,,,,,,,,,,,,,,7.579289311,5,7.691605673,348
,,,,,,,,,,,,,,7.579289311,5,7.636066982,349
,,,,,,,,,,,,,,7.579289311,5,7.579289311,350
,,,,,,,,,,,,,,7.521206186,5,7.521206186,351
,,,,,,,,,,,,,,7.521206186,5,7.521206186,352
,,,,,,,,,,,,,,7.521206186,5,7.461745347,353
,,,,,,,,,,,,,,7.521206186,5,7.461745347,354
,,,,,,,,,,,,,,7.521206186,5,7.400828045,355
,,,,,,,,,,,,,,7.521206186,5,7.338368216,356
,,,,,,,,,,,,,,7.521206186,5,7.274271525,357
,,,,,,,,,,,,,,7.521206186,5,7.274271525,358
,,,,,,,,,,,,,,7.521206186,5,7.274271525,359
,,,,,,,,,,,,,,7.521206186,5,7.274271525,360
,,,,,,,,,,,,,,7.521206186,5,7.208434242,361
,,,,,,,,,,,,,,7.521206186,5,7.140741918,362
,,,,,,,,,,,,,,7.521206186,5,7.071067812,363
,,,,,,,,,,,,,,7.521206186,5,6.999271023,364
,,,,,,,,,,,,,,7.521206186,5,6.925194238,365
,,,,,,,,,,,,,,7.461745347,5,6.848661008,366
,,,,,,,,,,,,,,7.461745347,5,6.848661008,367
,,,,,,,,,,,,,,7.461745347,5,6.848661008,368
,,,,,,,,,,,,,,7.461745347,5,6.848661008,369
,,,,,,,,,,,,,,7.461745347,5,6.769472428,370
,,,,,,,,,,,,,,7.461745347,5,6.769472428,371
,,,,,,,,,,,,,,7.461745347,5,6.68740305,372
,,,,,,,,,,,,,,7.461745347,5,6.68740305,373
,,,,,,,,,,,,,,7.461745347,5,6.68740305,374
,,,,,,,,,,,,,,7.461745347,5,6.68740305,375
,,,,,,,,,,,,,,7.461745347,5,6.602195804,376
,,,,,,,,,,,,,,7.461745347,5,6.602195804,377
,,,,,,,,,,,,,,7.461745347,5,6.602195804,378
,,,,,,,,,,,,,,7.461745347,5,6.513555624,379
,,,,,,,,,,,,,,7.461745347,5,6.513555624,380
,,,,,,,,,,,,,,7.461745347,5,6.513555624,381
,,,,,,,,,,,,,,7.461745347,5,6.513555624,382
,,,,,,,,,,,,,,7.461745347,5,6.421141352,383
,,,,,,,,,,,,,,7.461745347,5,6.421141352,384
,,,,,,,,,,,,,,7.461745347,5,6.421141352,385
,,,,,,,,,,,,,,7.461745347,5,6.421141352,386
,,,,,,,,,,,,,,7.461745347,5,6.421141352,387
,,,,,,,,,,,,,,7.461745347,5,6.32455532,388
,,,,,,,,,,,,,,7.461745347,5,6.32455532,389
,,,,,,,,,,,,,,7.400828045,5,6.223329773,390
,,,,,,,,,,,,,,7.400828045,5,6.223329773,391
,,,,,,,,,,,,,,7.400828045,5,6.223329773,392
,,,,,,,,,,,,,,7.400828045,5,6.223329773,393
,,,,,,,,,,,,,,7.400828045,5,6.116908849,394
,,,,,,,,,,,,,,7.400828045,5,6.116908849,395
,,,,,,,,,,,,,,7.400828045,5,6.116908849,396
,,,,,,,,,,,,,,7.400828045,5,6.116908849,397
,,,,,,,,,,,,,,7.400828045,5,6.116908849,398
,,,,,,,,,,,,,,7.400828045,5,6.004624281,399
,,,,,,,,,,,,,,7.400828045,5,6.004624281,400
,,,,,,,,,,,,,,7.338368216,5,6.004624281,401
,,,,,,,,,,,,,,7.338368216,5,6.004624281,402
,,,,,,,,,,,,,,7.338368216,5,6.004624281,403
,,,,,,,,,,,,,,7.338368216,5,5.885661913,404
,,,,,,,,,,,,,,7.338368216,5,5.885661913,405
,,,,,,,,,,,,,,7.338368216,5,5.759014491,406
,,,,,,,,,,,,,,7.338368216,5,5.477225575,407
,,,,,,,,,,,,,,7.338368216,5,5.477225575,408
,,,,,,,,,,,,,,7.338368216,5,5.477225575,409
,,,,,,,,,,,,,,7.338368216,5,5.143686724,410
,,,,,,,,,,,,,,7.338368216,5,5.143686724,411
,,,,,,,,,,,,,,7.338368216,5,4.949232004,412
,,,,,,,,,,,,,,7.338368216,6,12.19264891,413
,,,,,,,,,,,,,,7.338368216,6,11.61496344,414
,,,,,,,,,,,,,,7.338368216,6,10.14673846,415
,,,,,,,,,,,,,,7.338368216,6,10.02490679,416
,,,,,,,,,,,,,,7.338368216,6,9.685469281,417
,,,,,,,,,,,,,,7.338368216,6,9.573479717,418
,,,,,,,,,,,,,,7.338368216,6,9.146912192,419
,,,,,,,,,,,,,,7.338368216,6,9.080865185,420
,,,,,,,,,,,,,,7.338368216,6,8.801117368,421
,,,,,,,,,,,,,,7.338368216,6,8.688978326,422
,,,,,,,,,,,,,,7.338368216,6,8.366600265,423
,,,,,,,,,,,,,,7.338368216,6,8.235490261,424
,,,,,,,,,,,,,,7.274271525,6,8.144476399,425
,,,,,,,,,,,,,,7.274271525,6,8.00195241,426
,,,,,,,,,,,,,,7.274271525,6,7.952707288,427
,,,,,,,,,,,,,,7.274271525,6,7.952707288,428
,,,,,,,,,,,,,,7.274271525,6,7.952707288,429
,,,,,,,,,,,,,,7.274271525,6,7.902529974,430
,,,,,,,,,,,,,,7.274271525,6,7.902529974,431
,,,,,,,,,,,,,,7.274271525,6,7.745966692,432
,,,,,,,,,,,,,,7.274271525,6,7.691605673,433
,,,,,,,,,,,,,,7.274271525,6,7.636066982,434
,,,,,,,,,,,,,,7.274271525,6,7.636066982,435
,,,,,,,,,,,,,,7.274271525,6,7.579289311,436
,,,,,,,,,,,,,,7.274271525,6,7.521206186,437
,,,,,,,,,,,,,,7.274271525,6,7.461745347,438
,,,,,,,,,,,,,,7.274271525,6,7.461745347,439
,,,,,,,,,,,,,,7.274271525,6,7.461745347,440
,,,,,,,,,,,,,,7.274271525,6,7.461745347,441
,,,,,,,,,,,,,,7.274271525,6,7.338368216,442
,,,,,,,,,,,,,,7.274271525,6,7.338368216,443
,,,,,,,,,,,,,,7.274271525,6,7.338368216,444
,,,,,,,,,,,,,,7.274271525,6,7.274271525,445
,,,,,,,,,,,,,,7.274271525,6,7.208434242,446
,,,,,,,,,,,,,,7.208434242,6,7.140741918,447
,,,,,,,,,,,,,,7.208434242,6,7.140741918,448
,,,,,,,,,,,,,,7.208434242,6,7.140741918,449
,,,,,,,,,,,,,,7.208434242,6,7.071067812,450
,,,,,,,,,,,,,,7.208434242,6,6.999271023,451
,,,,,,,,,,,,,,7.208434242,6,6.925194238,452
,,,,,,,,,,,,,,7.208434242,6,6.848661008,453
,,,,,,,,,,,,,,7.208434242,6,6.848661008,454
,,,,,,,,,,,,,,7.208434242,6,6.848661008,455
,,,,,,,,,,,,,,7.208434242,6,6.769472428,456
,,,,,,,,,,,,,,7.208434242,6,6.769472428,457
,,,,,,,,,,,,,,7.208434242,6,6.68740305,458
,,,,,,,,,,,,,,7.208434242,6,6.68740305,459
,,,,,,,,,,,,,,7.208434242,6,6.68740305,460
,,,,,,,,,,,,,,7.208434242,6,6.68740305,461
,,,,,,,,,,,,,,7.208434242,6,6.68740305,462
,,,,,,,,,,,,,,7.208434242,6,6.68740305,463
,,,,,,,,,,,,,,7.208434242,6,6.602195804,464
,,,,,,,,,,,,,,7.208434242,6,6.602195804,465
,,,,,,,,,,,,,,7.140741918,6,6.602195804,466
,,,,,,,,,,,,,,7.140741918,6,6.602195804,467
,,,,,,,,,,,,,,7.140741918,6,6.602195804,468
,,,,,,,,,,,,,,7.140741918,6,6.513555624,469
,,,,,,,,,,,,,,7.140741918,6,6.513555624,470
,,,,,,,,,,,,,,7.140741918,6,6.513555624,471
,,,,,,,,,,,,,,7.140741918,6,6.513555624,472
,,,,,,,,,,,,,,7.140741918,6,6.513555624,473
,,,,,,,,,,,,,,7.140741918,6,6.513555624,474
,,,,,,,,,,,,,,7.140741918,6,6.513555624,475
,,,,,,,,,,,,,,7.140741918,6,6.421141352,476
,,,,,,,,,,,,,,7.140741918,6,6.421141352,477
,,,,,,,,,,,,,,7.140741918,6,6.421141352,478
,,,,,,,,,,,,,,7.140741918,6,6.421141352,479
,,,,,,,,,,,,,,7.140741918,6,6.421141352,480
,,,,,,,,,,,,,,7.140741918,6,6.421141352,481
,,,,,,,,,,,,,,7.140741918,6,6.421141352,482
,,,,,,,,,,,,,,7.140741918,6,6.32455532,483
,,,,,,,,,,,,,,7.140741918,6,6.32455532,484
,,,,,,,,,,,,,,7.140741918,6,6.32455532,485
,,,,,,,,,,,,,,7.140741918,6,6.32455532,486
,,,,,,,,,,,,,,7.140741918,6,6.32455532,487
,,,,,,,,,,,,,,7.140741918,6,6.32455532,488
,,,,,,,,,,,,,,7.140741918,6,6.32455532,489
,,,,,,,,,,,,,,7.071067812,6,6.32455532,490
,,,,,,,,,,,,,,7.071067812,6,6.32455532,491
,,,,,,,,,,,,,,7.071067812,6,6.32455532,492
,,,,,,,,,,,,,,7.071067812,6,6.223329773,493
,,,,,,,,,,,,,,7.071067812,6,6.223329773,494
,,,,,,,,,,,,,,7.071067812,6,6.116908849,495
,,,,,,,,,,,,,,7.071067812,6,6.116908849,496
,,,,,,,,,,,,,,7.071067812,6,6.116908849,497
,,,,,,,,,,,,,,7.071067812,6,6.116908849,498
,,,,,,,,,,,,,,7.071067812,6,6.004624281,499
,,,,,,,,,,,,,,7.071067812,6,6.004624281,500
,,,,,,,,,,,,,,7.071067812,6,6.004624281,501
,,,,,,,,,,,,,,7.071067812,6,6.004624281,502
,,,,,,,,,,,,,,7.071067812,6,5.885661913,503
,,,,,,,,,,,,,,7.071067812,6,5.885661913,504
,,,,,,,,,,,,,,7.071067812,6,5.885661913,505
,,,,,,,,,,,,,,7.071067812,6,5.885661913,506
,,,,,,,,,,,,,,7.071067812,6,5.885661913,507
,,,,,,,,,,,,,,7.071067812,6,5.885661913,508
,,,,,,,,,,,,,,7.071067812,6,5.759014491,509
,,,,,,,,,,,,,,6.999271023,6,5.759014491,510
,,,,,,,,,,,,,,6.999271023,6,5.623413252,511
,,,,,,,,,,,,,,6.999271023,6,5.477225575,512
,,,,,,,,,,,,,,6.999271023,6,5.477225575,513
,,,,,,,,,,,,,,6.999271023,6,5.477225575,514
,,,,,,,,,,,,,,6.999271023,6,5.318295897,515
,,,,,,,,,,,,,,6.999271023,6,5.318295897,516
,,,,,,,,,,,,,,6.999271023,6,4.728708045,517
,,,,,,,,,,,,,,6.999271023,7,10.63659179,518
,,,,,,,,,,,,,,6.999271023,7,9.766981117,519
,,,,,,,,,,,,,,6.999271023,7,9.397744871,520
,,,,,,,,,,,,,,6.999271023,7,9.274872111,521
,,,,,,,,,,,,,,6.999271023,7,9.080865185,522
,,,,,,,,,,,,,,6.999271023,7,9.047293945,523
,,,,,,,,,,,,,,6.999271023,7,9.013344776,524
,,,,,,,,,,,,,,6.999271023,7,8.94427191,525
,,,,,,,,,,,,,,6.999271023,7,8.94427191,526
,,,,,,,,,,,,,,6.999271023,7,8.873560657,527
,,,,,,,,,,,,,,6.999271023,7,8.801117368,528
,,,,,,,,,,,,,,6.999271023,7,8.650615454,529
,,,,,,,,,,,,,,6.999271023,7,8.650615454,530
,,,,,,,,,,,,,,6.999271023,7,8.532355999,531
,,,,,,,,,,,,,,6.999271023,7,8.491821095,532
,,,,,,,,,,,,,,6.999271023,7,8.450697266,533
,,,,,,,,,,,,,,6.999271023,7,8.408964153,534
,,,,,,,,,,,,,,6.999271023,7,8.408964153,535
,,,,,,,,,,,,,,6.999271023,7,8.366600265,536
,,,,,,,,,,,,,,6.999271023,7,8.366600265,537
,,,,,,,,,,,,,,6.999271023,7,8.323582901,538
,,,,,,,,,,,,,,6.999271023,7,8.190362588,539
,,,,,,,,,,,,,,6.999271023,7,8.144476399,540
,,,,,,,,,,,,,,6.999271023,7,8.09780126,541
,,,,,,,,,,,,,,6.999271023,7,8.050304776,542
,,,,,,,,,,,,,,6.925194238,7,7.902529974,543
,,,,,,,,,,,,,,6.925194238,7,7.902529974,544
,,,,,,,,,,,,,,6.925194238,7,7.851378225,545
,,,,,,,,,,,,,,6.925194238,7,7.79920671,546
,,,,,,,,,,,,,,6.925194238,7,7.745966692,547
,,,,,,,,,,,,,,6.925194238,7,7.745966692,548
,,,,,,,,,,,,,,6.925194238,7,7.691605673,549
,,,,,,,,,,,,,,6.925194238,7,7.636066982,550
,,,,,,,,,,,,,,6.925194238,7,7.636066982,551
,,,,,,,,,,,,,,6.925194238,7,7.338368216,552
,,,,,,,,,,,,,,6.925194238,7,7.338368216,553
,,,,,,,,,,,,,,6.925194238,7,7.338368216,554
,,,,,,,,,,,,,,6.925194238,7,7.274271525,555
,,,,,,,,,,,,,,6.925194238,7,7.274271525,556
,,,,,,,,,,,,,,6.925194238,7,7.208434242,557
,,,,,,,,,,,,,,6.925194238,7,7.208434242,558
,,,,,,,,,,,,,,6.925194238,7,7.208434242,559
,,,,,,,,,,,,,,6.925194238,7,7.140741918,560
,,,,,,,,,,,,,,6.925194238,7,7.140741918,561
,,,,,,,,,,,,,,6.925194238,7,7.140741918,562
,,,,,,,,,,,,,,6.925194238,7,6.999271023,563
,,,,,,,,,,,,,,6.925194238,7,6.999271023,564
,,,,,,,,,,,,,,6.925194238,7,6.999271023,565
,,,,,,,,,,,,,,6.925194238,7,6.925194238,566
,,,,,,,,,,,,,,6.925194238,7,6.925194238,567
,,,,,,,,,,,,,,6.925194238,7,6.925194238,568
,,,,,,,,,,,,,,6.848661008,7,6.925194238,569
,,,,,,,,,,,,,,6.848661008,7,6.925194238,570
,,,,,,,,,,,,,,6.848661008,7,6.848661008,571
,,,,,,,,,,,,,,6.848661008,7,6.848661008,572
,,,,,,,,,,,,,,6.848661008,7,6.769472428,573
,,,,,,,,,,,,,,6.848661008,7,6.769472428,574
,,,,,,,,,,,,,,6.848661008,7,6.769472428,575
,,,,,,,,,,,,,,6.848661008,7,6.68740305,576
,,,,,,,,,,,,,,6.848661008,7,6.68740305,577
,,,,,,,,,,,,,,6.848661008,7,6.68740305,578
,,,,,,,,,,,,,,6.848661008,7,6.602195804,579
,,,,,,,,,,,,,,6.848661008,7,6.602195804,580
,,,,,,,,,,,,,,6.848661008,7,6.513555624,581
,,,,,,,,,,,,,,6.848661008,7,6.513555624,582
,,,,,,,,,,,,,,6.848661008,7,6.513555624,583
,,,,,,,,,,,,,,6.848661008,7,6.421141352,584
,,,,,,,,,,,,,,6.848661008,7,6.421141352,585
,,,,,,,,,,,,,,6.848661008,7,6.421141352,586
,,,,,,,,,,,,,,6.848661008,7,6.421141352,587
,,,,,,,,,,,,,,6.848661008,7,6.421141352,588
,,,,,,,,,,,,,,6.848661008,7,6.32455532,589
,,,,,,,,,,,,,,6.848661008,7,6.32455532,590
,,,,,,,,,,,,,,6.848661008,7,6.32455532,591
,,,,,,,,,,,,,,6.848661008,7,6.32455532,592
,,,,,,,,,,,,,,6.848661008,7,6.32455532,593
,,,,,,,,,,,,,,6.848661008,7,6.223329773,594
,,,,,,,,,,,,,,6.848661008,7,6.223329773,595
,,,,,,,,,,,,,,6.848661008,7,6.223329773,596
,,,,,,,,,,,,,,6.848661008,7,6.223329773,597
,,,,,,,,,,,,,,6.848661008,7,6.223329773,598
,,,,,,,,,,,,,,6.848661008,7,6.116908849,599
,,,,,,,,,,,,,,6.848661008,7,6.116908849,600
,,,,,,,,,,,,,,6.848661008,7,6.116908849,601
,,,,,,,,,,,,,,6.848661008,7,6.116908849,602
,,,,,,,,,,,,,,6.769472428,7,6.116908849,603
,,,,,,,,,,,,,,6.769472428,7,6.116908849,604
,,,,,,,,,,,,,,6.769472428,7,6.116908849,605
,,,,,,,,,,,,,,6.769472428,7,6.116908849,606
,,,,,,,,,,,,,,6.769472428,7,6.004624281,607
,,,,,,,,,,,,,,6.769472428,7,6.004624281,608
,,,,,,,,,,,,,,6.769472428,7,6.004624281,609
,,,,,,,,,,,,,,6.769472428,7,6.004624281,610
,,,,,,,,,,,,,,6.769472428,7,6.004624281,611
,,,,,,,,,,,,,,6.769472428,7,6.004624281,612
,,,,,,,,,,,,,,6.769472428,7,6.004624281,613
,,,,,,,,,,,,,,6.769472428,7,5.885661913,614
,,,,,,,,,,,,,,6.769472428,7,5.885661913,615
,,,,,,,,,,,,,,6.769472428,7,5.885661913,616
,,,,,,,,,,,,,,6.769472428,7,5.885661913,617
,,,,,,,,,,,,,,6.769472428,7,5.759014491,618
,,,,,,,,,,,,,,6.769472428,7,5.759014491,619
,,,,,,,,,,,,,,6.769472428,7,5.623413252,620
,,,,,,,,,,,,,,6.769472428,7,5.623413252,621
,,,,,,,,,,,,,,6.769472428,8,11.0668192,622
,,,,,,,,,,,,,,6.769472428,8,11.0297439,623
,,,,,,,,,,,,,,6.769472428,8,10.75910633,624
,,,,,,,,,,,,,,6.769472428,8,10.46635139,625
,,,,,,,,,,,,,,6.769472428,8,9.629962874,626
,,,,,,,,,,,,,,6.769472428,8,9.51597874,627
,,,,,,,,,,,,,,6.769472428,8,9.397744871,628
,,,,,,,,,,,,,,6.769472428,8,9.243378033,629
,,,,,,,,,,,,,,6.769472428,8,8.726839695,630
,,,,,,,,,,,,,,6.68740305,8,8.6117353,631
,,,,,,,,,,,,,,6.68740305,8,8.572321289,632
,,,,,,,,,,,,,,6.68740305,8,8.450697266,633
,,,,,,,,,,,,,,6.68740305,8,8.408964153,634
,,,,,,,,,,,,,,6.68740305,8,8.279888043,635
,,,,,,,,,,,,,,6.68740305,8,8.279888043,636
,,,,,,,,,,,,,,6.68740305,8,8.235490261,637
,,,,,,,,,,,,,,6.68740305,8,8.190362588,638
,,,,,,,,,,,,,,6.68740305,8,8.190362588,639
,,,,,,,,,,,,,,6.68740305,8,8.00195241,640
,,,,,,,,,,,,,,6.68740305,8,7.952707288,641
,,,,,,,,,,,,,,6.68740305,8,7.851378225,642
,,,,,,,,,,,,,,6.68740305,8,7.79920671,643
,,,,,,,,,,,,,,6.68740305,8,7.79920671,644
,,,,,,,,,,,,,,6.68740305,8,7.79920671,645
,,,,,,,,,,,,,,6.68740305,8,7.745966692,646
,,,,,,,,,,,,,,6.68740305,8,7.745966692,647
,,,,,,,,,,,,,,6.68740305,8,7.691605673,648
,,,,,,,,,,,,,,6.68740305,8,7.691605673,649
,,,,,,,,,,,,,,6.68740305,8,7.579289311,650
,,,,,,,,,,,,,,6.68740305,8,7.579289311,651
,,,,,,,,,,,,,,6.68740305,8,7.461745347,652
,,,,,,,,,,,,,,6.68740305,8,7.461745347,653
,,,,,,,,,,,,,,6.68740305,8,7.461745347,654
,,,,,,,,,,,,,,6.68740305,8,7.400828045,655
,,,,,,,,,,,,,,6.68740305,8,7.400828045,656
,,,,,,,,,,,,,,6.68740305,8,7.400828045,657
,,,,,,,,,,,,,,6.68740305,8,7.208434242,658
,,,,,,,,,,,,,,6.68740305,8,7.140741918,659
,,,,,,,,,,,,,,6.68740305,8,7.140741918,660
,,,,,,,,,,,,,,6.68740305,8,7.071067812,661
,,,,,,,,,,,,,,6.68740305,8,7.071067812,662
,,,,,,,,,,,,,,6.68740305,8,7.071067812,663
,,,,,,,,,,,,,,6.68740305,8,6.999271023,664
,,,,,,,,,,,,,,6.68740305,8,6.999271023,665
,,,,,,,,,,,,,,6.68740305,8,6.925194238,666
,,,,,,,,,,,,,,6.602195804,8,6.925194238,667
,,,,,,,,,,,,,,6.602195804,8,6.925194238,668
,,,,,,,,,,,,,,6.602195804,8,6.925194238,669
,,,,,,,,,,,,,,6.602195804,8,6.925194238,670
,,,,,,,,,,,,,,6.602195804,8,6.848661008,671
,,,,,,,,,,,,,,6.602195804,8,6.68740305,672
,,,,,,,,,,,,,,6.602195804,8,6.68740305,673
,,,,,,,,,,,,,,6.602195804,8,6.68740305,674
,,,,,,,,,,,,,,6.602195804,8,6.602195804,675
,,,,,,,,,,,,,,6.602195804,8,6.602195804,676
,,,,,,,,,,,,,,6.602195804,8,6.602195804,677
,,,,,,,,,,,,,,6.602195804,8,6.513555624,678
,,,,,,,,,,,,,,6.602195804,8,6.513555624,679
,,,,,,,,,,,,,,6.602195804,8,6.513555624,680
,,,,,,,,,,,,,,6.602195804,8,6.513555624,681
,,,,,,,,,,,,,,6.602195804,8,6.513555624,682
,,,,,,,,,,,,,,6.602195804,8,6.513555624,683
,,,,,,,,,,,,,,6.602195804,8,6.513555624,684
,,,,,,,,,,,,,,6.602195804,8,6.513555624,685
,,,,,,,,,,,,,,6.602195804,8,6.421141352,686
,,,,,,,,,,,,,,6.602195804,8,6.421141352,687
,,,,,,,,,,,,,,6.602195804,8,6.32455532,688
,,,,,,,,,,,,,,6.602195804,8,6.32455532,689
,,,,,,,,,,,,,,6.602195804,8,6.32455532,690
,,,,,,,,,,,,,,6.602195804,8,6.32455532,691
,,,,,,,,,,,,,,6.602195804,8,6.223329773,692
,,,,,,,,,,,,,,6.602195804,8,6.223329773,693
,,,,,,,,,,,,,,6.602195804,8,6.223329773,694
,,,,,,,,,,,,,,6.602195804,8,6.116908849,695
,,,,,,,,,,,,,,6.602195804,8,6.004624281,696
,,,,,,,,,,,,,,6.602195804,8,6.004624281,697
,,,,,,,,,,,,,,6.602195804,8,6.004624281,698
,,,,,,,,,,,,,,6.602195804,8,6.004624281,699
,,,,,,,,,,,,,,6.602195804,8,6.004624281,700
,,,,,,,,,,,,,,6.602195804,8,6.004624281,701
,,,,,,,,,,,,,,6.602195804,8,6.004624281,702
,,,,,,,,,,,,,,6.602195804,8,5.885661913,703
,,,,,,,,,,,,,,6.602195804,8,5.885661913,704
,,,,,,,,,,,,,,6.602195804,8,5.759014491,705
,,,,,,,,,,,,,,6.602195804,8,5.759014491,706
,,,,,,,,,,,,,,6.602195804,8,5.759014491,707
,,,,,,,,,,,,,,6.602195804,8,5.759014491,708
,,,,,,,,,,,,,,6.513555624,8,5.759014491,709
,,,,,,,,,,,,,,6.513555624,8,5.759014491,710
,,,,,,,,,,,,,,6.513555624,8,5.759014491,711
,,,,,,,,,,,,,,6.513555624,8,5.623413252,712
,,,,,,,,,,,,,,6.513555624,8,5.477225575,713
,,,,,,,,,,,,,,6.513555624,8,5.318295897,714
,,,,,,,,,,,,,,6.513555624,8,5.143686724,715
,,,,,,,,,,,,,,6.513555624,8,5.143686724,716
,,,,,,,,,,,,,,6.513555624,9,14.72395442,717
,,,,,,,,,,,,,,6.513555624,9,13.02711125,718
,,,,,,,,,,,,,,6.513555624,9,11.92169049,719
,,,,,,,,,,,,,,6.513555624,9,11.58292185,720
,,,,,,,,,,,,,,6.513555624,9,10.07417072,721
,,,,,,,,,,,,,,6.513555624,9,9.974905699,722
,,,,,,,,,,,,,,6.513555624,9,9.601845894,723
,,,,,,,,,,,,,,6.513555624,9,9.114068171,724
,,,,,,,,,,,,,,6.513555624,9,8.94427191,725
,,,,,,,,,,,,,,6.513555624,9,8.909126744,726
,,,,,,,,,,,,,,6.513555624,9,8.801117368,727
,,,,,,,,,,,,,,6.513555624,9,8.764214596,728
,,,,,,,,,,,,,,6.513555624,9,8.6117353,729
,,,,,,,,,,,,,,6.513555624,9,8.572321289,730
,,,,,,,,,,,,,,6.513555624,9,8.450697266,731
,,,,,,,,,,,,,,6.513555624,9,8.366600265,732
,,,,,,,,,,,,,,6.513555624,9,8.366600265,733
,,,,,,,,,,,,,,6.513555624,9,8.144476399,734
,,,,,,,,,,,,,,6.513555624,9,7.952707288,735
,,,,,,,,,,,,,,6.513555624,9,7.952707288,736
,,,,,,,,,,,,,,6.513555624,9,7.851378225,737
,,,,,,,,,,,,,,6.513555624,9,7.851378225,738
,,,,,,,,,,,,,,6.513555624,9,7.745966692,739
,,,,,,,,,,,,,,6.513555624,9,7.745966692,740
,,,,,,,,,,,,,,6.513555624,9,7.579289311,741
,,,,,,,,,,,,,,6.513555624,9,7.338368216,742
,,,,,,,,,,,,,,6.513555624,9,7.274271525,743
,,,,,,,,,,,,,,6.513555624,9,7.274271525,744
,,,,,,,,,,,,,,6.513555624,9,7.071067812,745
,,,,,,,,,,,,,,6.513555624,9,6.999271023,746
,,,,,,,,,,,,,,6.513555624,9,6.999271023,747
,,,,,,,,,,,,,,6.513555624,9,6.999271023,748
,,,,,,,,,,,,,,6.513555624,9,6.925194238,749
,,,,,,,,,,,,,,6.513555624,9,6.925194238,750
,,,,,,,,,,,,,,6.513555624,9,6.848661008,751
,,,,,,,,,,,,,,6.513555624,9,6.848661008,752
,,,,,,,,,,,,,,6.513555624,9,6.848661008,753
,,,,,,,,,,,,,,6.513555624,9,6.68740305,754
,,,,,,,,,,,,,,6.513555624,9,6.602195804,755
,,,,,,,,,,,,,,6.513555624,9,6.513555624,756
,,,,,,,,,,,,,,6.513555624,9,6.513555624,757
,,,,,,,,,,,,,,6.513555624,9,6.513555624,758
,,,,,,,,,,,,,,6.513555624,9,6.421141352,759
,,,,,,,,,,,,,,6.513555624,9,6.421141352,760
,,,,,,,,,,,,,,6.513555624,9,6.32455532,761
,,,,,,,,,,,,,,6.513555624,9,6.32455532,762
,,,,,,,,,,,,,,6.513555624,9,6.32455532,763
,,,,,,,,,,,,,,6.513555624,9,6.32455532,764
,,,,,,,,,,,,,,6.513555624,9,6.32455532,765
,,,,,,,,,,,,,,6.513555624,9,6.32455532,766
,,,,,,,,,,,,,,6.513555624,9,6.32455532,767
,,,,,,,,,,,,,,6.421141352,9,6.223329773,768
,,,,,,,,,,,,,,6.421141352,9,6.223329773,769
,,,,,,,,,,,,,,6.421141352,9,6.223329773,770
,,,,,,,,,,,,,,6.421141352,9,6.223329773,771
,,,,,,,,,,,,,,6.421141352,9,6.116908849,772
,,,,,,,,,,,,,,6.421141352,9,6.116908849,773
,,,,,,,,,,,,,,6.421141352,9,6.116908849,774
,,,,,,,,,,,,,,6.421141352,9,6.116908849,775
,,,,,,,,,,,,,,6.421141352,9,6.004624281,776
,,,,,,,,,,,,,,6.421141352,9,6.004624281,777
,,,,,,,,,,,,,,6.421141352,9,6.004624281,778
,,,,,,,,,,,,,,6.421141352,9,5.885661913,779
,,,,,,,,,,,,,,6.421141352,9,5.885661913,780
,,,,,,,,,,,,,,6.421141352,9,5.885661913,781
,,,,,,,,,,,,,,6.421141352,9,5.759014491,782
,,,,,,,,,,,,,,6.421141352,9,5.759014491,783
,,,,,,,,,,,,,,6.421141352,9,5.759014491,784
,,,,,,,,,,,,,,6.421141352,9,5.759014491,785
,,,,,,,,,,,,,,6.421141352,10,12.20641816,786
,,,,,,,,,,,,,,6.421141352,10,12.0236568,787
,,,,,,,,,,,,,,6.421141352,10,10.24113689,788
,,,,,,,,,,,,,,6.421141352,10,9.820209143,789
,,,,,,,,,,,,,,6.421141352,10,9.080865185,790
,,,,,,,,,,,,,,6.421141352,10,8.94427191,791
,,,,,,,,,,,,,,6.421141352,10,8.764214596,792
,,,,,,,,,,,,,,6.421141352,10,8.688978326,793
,,,,,,,,,,,,,,6.421141352,10,8.6117353,794
,,,,,,,,,,,,,,6.421141352,10,8.572321289,795
,,,,,,,,,,,,,,6.421141352,10,8.00195241,796
,,,,,,,,,,,,,,6.421141352,10,7.902529974,797
,,,,,,,,,,,,,,6.421141352,10,7.902529974,798
,,,,,,,,,,,,,,6.421141352,10,7.902529974,799
,,,,,,,,,,,,,,6.421141352,10,7.851378225,800
,,,,,,,,,,,,,,6.421141352,10,7.851378225,801
,,,,,,,,,,,,,,6.421141352,10,7.79920671,802
,,,,,,,,,,,,,,6.421141352,10,7.745966692,803
,,,,,,,,,,,,,,6.421141352,10,7.745966692,804
,,,,,,,,,,,,,,6.421141352,10,7.691605673,805
,,,,,,,,,,,,,,6.421141352,10,7.691605673,806
,,,,,,,,,,,,,,6.421141352,10,7.691605673,807
,,,,,,,,,,,,,,6.421141352,10,7.636066982,808
,,,,,,,,,,,,,,6.421141352,10,7.636066982,809
,,,,,,,,,,,,,,6.421141352,10,7.636066982,810
,,,,,,,,,,,,,,6.421141352,10,7.636066982,811
,,,,,,,,,,,,,,6.421141352,10,7.521206186,812
,,,,,,,,,,,,,,6.421141352,10,7.461745347,813
,,,,,,,,,,,,,,6.421141352,10,7.461745347,814
,,,,,,,,,,,,,,6.421141352,10,7.461745347,815
,,,,,,,,,,,,,,6.421141352,10,7.400828045,816
,,,,,,,,,,,,,,6.421141352,10,7.400828045,817
,,,,,,,,,,,,,,6.421141352,10,7.338368216,818
,,,,,,,,,,,,,,6.421141352,10,7.338368216,819
,,,,,,,,,,,,,,6.421141352,10,7.274271525,820
,,,,,,,,,,,,,,6.32455532,10,7.274271525,821
,,,,,,,,,,,,,,6.32455532,10,7.208434242,822
,,,,,,,,,,,,,,6.32455532,10,7.208434242,823
,,,,,,,,,,,,,,6.32455532,10,7.140741918,824
,,,,,,,,,,,,,,6.32455532,10,7.140741918,825
,,,,,,,,,,,,,,6.32455532,10,7.071067812,826
,,,,,,,,,,,,,,6.32455532,10,6.999271023,827
,,,,,,,,,,,,,,6.32455532,10,6.999271023,828
,,,,,,,,,,,,,,6.32455532,10,6.925194238,829
,,,,,,,,,,,,,,6.32455532,10,6.925194238,830
,,,,,,,,,,,,,,6.32455532,10,6.848661008,831
,,,,,,,,,,,,,,6.32455532,10,6.68740305,832
,,,,,,,,,,,,,,6.32455532,10,6.68740305,833
,,,,,,,,,,,,,,6.32455532,10,6.68740305,834
,,,,,,,,,,,,,,6.32455532,10,6.602195804,835
,,,,,,,,,,,,,,6.32455532,10,6.513555624,836
,,,,,,,,,,,,,,6.32455532,10,6.421141352,837
,,,,,,,,,,,,,,6.32455532,10,6.32455532,838
,,,,,,,,,,,,,,6.32455532,10,6.32455532,839
,,,,,,,,,,,,,,6.32455532,10,6.32455532,840
,,,,,,,,,,,,,,6.32455532,10,6.32455532,841
,,,,,,,,,,,,,,6.32455532,10,6.32455532,842
,,,,,,,,,,,,,,6.32455532,10,6.32455532,843
,,,,,,,,,,,,,,6.32455532,10,6.223329773,844
,,,,,,,,,,,,,,6.32455532,10,6.223329773,845
,,,,,,,,,,,,,,6.32455532,10,6.223329773,846
,,,,,,,,,,,,,,6.32455532,10,6.116908849,847
,,,,,,,,,,,,,,6.32455532,10,6.116908849,848
,,,,,,,,,,,,,,6.32455532,10,6.116908849,849
,,,,,,,,,,,,,,6.32455532,10,6.116908849,850
,,,,,,,,,,,,,,6.32455532,10,6.116908849,851
,,,,,,,,,,,,,,6.32455532,10,6.004624281,852
,,,,,,,,,,,,,,6.32455532,10,5.885661913,853
,,,,,,,,,,,,,,6.32455532,10,5.885661913,854
,,,,,,,,,,,,,,6.32455532,10,5.885661913,855
,,,,,,,,,,,,,,6.32455532,10,5.885661913,856
,,,,,,,,,,,,,,6.32455532,10,5.759014491,857
,,,,,,,,,,,,,,6.32455532,10,5.623413252,858
,,,,,,,,,,,,,,6.32455532,10,5.623413252,859
,,,,,,,,,,,,,,6.32455532,10,5.623413252,860
,,,,,,,,,,,,,,6.32455532,10,5.477225575,861
,,,,,,,,,,,,,,6.32455532,10,4.728708045,862
,,,,,,,,,,,,,,6.32455532,11,11.229212,863
,,,,,,,,,,,,,,6.32455532,11,10.85809657,864
,,,,,,,,,,,,,,6.32455532,11,10.79902949,865
,,,,,,,,,,,,,,6.32455532,11,10.77912336,866
,,,,,,,,,,,,,,6.32455532,11,10.77912336,867
,,,,,,,,,,,,,,6.32455532,11,9.243378033,868
,,,,,,,,,,,,,,6.32455532,11,9.080865185,869
,,,,,,,,,,,,,,6.32455532,11,8.9790076,870
,,,,,,,,,,,,,,6.32455532,11,8.9790076,871
,,,,,,,,,,,,,,6.32455532,11,8.873560657,872
,,,,,,,,,,,,,,6.32455532,11,8.279888043,873
,,,,,,,,,,,,,,6.32455532,11,8.190362588,874
,,,,,,,,,,,,,,6.32455532,11,8.190362588,875
,,,,,,,,,,,,,,6.32455532,11,8.190362588,876
,,,,,,,,,,,,,,6.32455532,11,8.00195241,877
,,,,,,,,,,,,,,6.32455532,11,7.902529974,878
,,,,,,,,,,,,,,6.32455532,11,7.79920671,879
,,,,,,,,,,,,,,6.32455532,11,7.79920671,880
,,,,,,,,,,,,,,6.32455532,11,7.745966692,881
,,,,,,,,,,,,,,6.32455532,11,7.745966692,882
,,,,,,,,,,,,,,6.32455532,11,7.579289311,883
,,,,,,,,,,,,,,6.32455532,11,7.579289311,884
,,,,,,,,,,,,,,6.32455532,11,7.521206186,885
,,,,,,,,,,,,,,6.32455532,11,7.461745347,886
,,,,,,,,,,,,,,6.32455532,11,7.461745347,887
,,,,,,,,,,,,,,6.32455532,11,7.400828045,888
,,,,,,,,,,,,,,6.32455532,11,7.338368216,889
,,,,,,,,,,,,,,6.32455532,11,7.338368216,890
,,,,,,,,,,,,,,6.223329773,11,7.338368216,891
,,,,,,,,,,,,,,6.223329773,11,7.338368216,892
,,,,,,,,,,,,,,6.223329773,11,7.208434242,893
,,,,,,,,,,,,,,6.223329773,11,7.208434242,894
,,,,,,,,,,,,,,6.223329773,11,7.071067812,895
,,,,,,,,,,,,,,6.223329773,11,6.999271023,896
,,,,,,,,,,,,,,6.223329773,11,6.925194238,897
,,,,,,,,,,,,,,6.223329773,11,6.925194238,898
,,,,,,,,,,,,,,6.223329773,11,6.925194238,899
,,,,,,,,,,,,,,6.223329773,11,6.925194238,900
,,,,,,,,,,,,,,6.223329773,11,6.925194238,901
,,,,,,,,,,,,,,6.223329773,11,6.848661008,902
,,,,,,,,,,,,,,6.223329773,11,6.848661008,903
,,,,,,,,,,,,,,6.223329773,11,6.769472428,904
,,,,,,,,,,,,,,6.223329773,11,6.769472428,905
,,,,,,,,,,,,,,6.223329773,11,6.769472428,906
,,,,,,,,,,,,,,6.223329773,11,6.602195804,907
,,,,,,,,,,,,,,6.223329773,11,6.602195804,908
,,,,,,,,,,,,,,6.223329773,11,6.602195804,909
,,,,,,,,,,,,,,6.223329773,11,6.513555624,910
,,,,,,,,,,,,,,6.223329773,11,6.513555624,911
,,,,,,,,,,,,,,6.223329773,11,6.513555624,912
,,,,,,,,,,,,,,6.223329773,11,6.513555624,913
,,,,,,,,,,,,,,6.223329773,11,6.513555624,914
,,,,,,,,,,,,,,6.223329773,11,6.513555624,915
,,,,,,,,,,,,,,6.223329773,11,6.513555624,916
,,,,,,,,,,,,,,6.223329773,11,6.421141352,917
,,,,,,,,,,,,,,6.223329773,11,6.421141352,918
,,,,,,,,,,,,,,6.223329773,11,6.32455532,919
,,,,,,,,,,,,,,6.223329773,11,6.223329773,920
,,,,,,,,,,,,,,6.223329773,11,6.223329773,921
,,,,,,,,,,,,,,6.223329773,11,6.223329773,922
,,,,,,,,,,,,,,6.223329773,11,6.116908849,923
,,,,,,,,,,,,,,6.223329773,11,6.116908849,924
,,,,,,,,,,,,,,6.223329773,11,6.116908849,925
,,,,,,,,,,,,,,6.223329773,11,6.116908849,926
,,,,,,,,,,,,,,6.223329773,11,6.004624281,927
,,,,,,,,,,,,,,6.223329773,11,6.004624281,928
,,,,,,,,,,,,,,6.223329773,11,6.004624281,929
,,,,,,,,,,,,,,6.223329773,11,6.004624281,930
,,,,,,,,,,,,,,6.223329773,11,6.004624281,931
,,,,,,,,,,,,,,6.223329773,11,5.885661913,932
,,,,,,,,,,,,,,6.223329773,11,5.885661913,933
,,,,,,,,,,,,,,6.223329773,11,5.885661913,934
,,,,,,,,,,,,,,6.223329773,11,5.759014491,935
,,,,,,,,,,,,,,6.223329773,11,5.477225575,936
,,,,,,,,,,,,,,6.223329773,11,5.143686724,937
,,,,,,,,,,,,,,6.223329773,11,4.949232004,938
,,,,,,,,,,,,,,6.223329773,11,4.728708045,939
,,,,,,,,,,,,,,6.223329773,12,12.63673986,940
,,,,,,,,,,,,,,6.116908849,12,11.67826258,941
,,,,,,,,,,,,,,6.116908849,12,11.46862958,942
,,,,,,,,,,,,,,6.116908849,12,10.71873374,943
,,,,,,,,,,,,,,6.116908849,12,10.40031433,944
,,,,,,,,,,,,,,6.116908849,12,10.12272234,945
,,,,,,,,,,,,,,6.116908849,12,10.12272234,946
,,,,,,,,,,,,,,6.116908849,12,9.949620564,947
,,,,,,,,,,,,,,6.116908849,12,9.712868336,948
,,,,,,,,,,,,,,6.116908849,12,9.685469281,949
,,,,,,,,,,,,,,6.116908849,12,9.336914848,950
,,,,,,,,,,,,,,6.116908849,12,9.274872111,951
,,,,,,,,,,,,,,6.116908849,12,9.243378033,952
,,,,,,,,,,,,,,6.116908849,12,9.211558703,953
,,,,,,,,,,,,,,6.116908849,12,8.9790076,954
,,,,,,,,,,,,,,6.116908849,12,8.94427191,955
,,,,,,,,,,,,,,6.116908849,12,8.873560657,956
,,,,,,,,,,,,,,6.116908849,12,8.764214596,957
,,,,,,,,,,,,,,6.116908849,12,8.726839695,958
,,,,,,,,,,,,,,6.116908849,12,8.726839695,959
,,,,,,,,,,,,,,6.116908849,12,8.532355999,960
,,,,,,,,,,,,,,6.116908849,12,8.491821095,961
,,,,,,,,,,,,,,6.116908849,12,8.323582901,962
,,,,,,,,,,,,,,6.116908849,12,8.235490261,963
,,,,,,,,,,,,,,6.116908849,12,8.190362588,964
,,,,,,,,,,,,,,6.116908849,12,8.09780126,965
,,,,,,,,,,,,,,6.116908849,12,7.851378225,966
,,,,,,,,,,,,,,6.116908849,12,7.745966692,967
,,,,,,,,,,,,,,6.116908849,12,7.745966692,968
,,,,,,,,,,,,,,6.116908849,12,7.691605673,969
,,,,,,,,,,,,,,6.116908849,12,7.691605673,970
,,,,,,,,,,,,,,6.116908849,12,7.691605673,971
,,,,,,,,,,,,,,6.116908849,12,7.636066982,972
,,,,,,,,,,,,,,6.116908849,12,7.521206186,973
,,,,,,,,,,,,,,6.116908849,12,7.400828045,974
,,,,,,,,,,,,,,6.116908849,12,7.338368216,975
,,,,,,,,,,,,,,6.116908849,12,7.338368216,976
,,,,,,,,,,,,,,6.116908849,12,7.338368216,977
,,,,,,,,,,,,,,6.116908849,12,7.274271525,978
,,,,,,,,,,,,,,6.116908849,12,7.274271525,979
,,,,,,,,,,,,,,6.116908849,12,7.274271525,980
,,,,,,,,,,,,,,6.116908849,12,7.208434242,981
,,,,,,,,,,,,,,6.116908849,12,7.208434242,982
,,,,,,,,,,,,,,6.116908849,12,7.140741918,983
,,,,,,,,,,,,,,6.116908849,12,7.071067812,984
,,,,,,,,,,,,,,6.116908849,12,7.071067812,985
,,,,,,,,,,,,,,6.116908849,12,6.999271023,986
,,,,,,,,,,,,,,6.116908849,12,6.999271023,987
,,,,,,,,,,,,,,6.116908849,12,6.999271023,988
,,,,,,,,,,,,,,6.116908849,12,6.999271023,989
,,,,,,,,,,,,,,6.116908849,12,6.925194238,990
,,,,,,,,,,,,,,6.116908849,12,6.848661008,991
,,,,,,,,,,,,,,6.116908849,12,6.848661008,992
,,,,,,,,,,,,,,6.116908849,12,6.848661008,993
,,,,,,,,,,,,,,6.116908849,12,6.848661008,994
,,,,,,,,,,,,,,6.116908849,12,6.769472428,995
,,,,,,,,,,,,,,6.116908849,12,6.769472428,996
,,,,,,,,,,,,,,6.116908849,12,6.769472428,997
,,,,,,,,,,,,,,6.116908849,12,6.769472428,998
,,,,,,,,,,,,,,6.116908849,12,6.68740305,999
,,,,,,,,,,,,,,6.004624281,12,6.602195804,1000
,,,,,,,,,,,,,,6.004624281,12,6.513555624,1001
,,,,,,,,,,,,,,6.004624281,12,6.421141352,1002
,,,,,,,,,,,,,,6.004624281,12,6.421141352,1003
,,,,,,,,,,,,,,6.004624281,12,6.32455532,1004
,,,,,,,,,,,,,,6.004624281,12,6.32455532,1005
,,,,,,,,,,,,,,6.004624281,12,6.32455532,1006
,,,,,,,,,,,,,,6.004624281,12,6.32455532,1007
,,,,,,,,,,,,,,6.004624281,12,6.32455532,1008
,,,,,,,,,,,,,,6.004624281,12,6.32455532,1009
,,,,,,,,,,,,,,6.004624281,12,6.32455532,1010
,,,,,,,,,,,,,,6.004624281,12,6.32455532,1011
,,,,,,,,,,,,,,6.004624281,12,6.223329773,1012
,,,,,,,,,,,,,,6.004624281,12,6.223329773,1013
,,,,,,,,,,,,,,6.004624281,12,6.116908849,1014
,,,,,,,,,,,,,,6.004624281,12,6.116908849,1015
,,,,,,,,,,,,,,6.004624281,12,6.116908849,1016
,,,,,,,,,,,,,,6.004624281,12,6.116908849,1017
,,,,,,,,,,,,,,6.004624281,12,6.004624281,1018
,,,,,,,,,,,,,,6.004624281,12,6.004624281,1019
,,,,,,,,,,,,,,6.004624281,12,6.004624281,1020
,,,,,,,,,,,,,,6.004624281,12,6.004624281,1021
,,,,,,,,,,,,,,6.004624281,12,6.004624281,1022
,,,,,,,,,,,,,,6.004624281,12,6.004624281,1023
,,,,,,,,,,,,,,6.004624281,12,5.885661913,1024
,,,,,,,,,,,,,,6.004624281,12,5.759014491,1025
,,,,,,,,,,,,,,6.004624281,12,5.759014491,1026
,,,,,,,,,,,,,,6.004624281,12,5.759014491,1027
,,,,,,,,,,,,,,6.004624281,12,5.623413252,1028
,,,,,,,,,,,,,,6.004624281,12,5.623413252,1029
,,,,,,,,,,,,,,6.004624281,12,5.143686724,1030
,,,,,,,,,,,,,,6.004624281,12,4.728708045,1031
,,,,,,,,,,,,,,6.004624281,13,13.6188241,1032
,,,,,,,,,,,,,,6.004624281,13,11.13987147,1033
,,,,,,,,,,,,,,6.004624281,13,9.793703613,1034
,,,,,,,,,,,,,,6.004624281,13,9.766981117,1035
,,,,,,,,,,,,,,6.004624281,13,9.427722109,1036
,,,,,,,,,,,,,,6.004624281,13,9.367477989,1037
,,,,,,,,,,,,,,6.004624281,13,9.243378033,1038
,,,,,,,,,,,,,,6.004624281,13,8.801117368,1039
,,,,,,,,,,,,,,6.004624281,13,8.726839695,1040
,,,,,,,,,,,,,,6.004624281,13,8.726839695,1041
,,,,,,,,,,,,,,6.004624281,13,8.650615454,1042
,,,,,,,,,,,,,,6.004624281,13,8.572321289,1043
,,,,,,,,,,,,,,6.004624281,13,8.366600265,1044
,,,,,,,,,,,,,,6.004624281,13,8.190362588,1045
,,,,,,,,,,,,,,6.004624281,13,8.050304776,1046
,,,,,,,,,,,,,,6.004624281,13,7.952707288,1047
,,,,,,,,,,,,,,6.004624281,13,7.851378225,1048
,,,,,,,,,,,,,,6.004624281,13,7.579289311,1049
,,,,,,,,,,,,,,6.004624281,13,7.521206186,1050
,,,,,,,,,,,,,,6.004624281,13,7.521206186,1051
,,,,,,,,,,,,,,6.004624281,13,7.521206186,1052
,,,,,,,,,,,,,,6.004624281,13,7.461745347,1053
,,,,,,,,,,,,,,6.004624281,13,7.461745347,1054
,,,,,,,,,,,,,,6.004624281,13,7.461745347,1055
,,,,,,,,,,,,,,6.004624281,13,7.338368216,1056
,,,,,,,,,,,,,,6.004624281,13,7.274271525,1057
,,,,,,,,,,,,,,6.004624281,13,7.274271525,1058
,,,,,,,,,,,,,,6.004624281,13,7.274271525,1059
,,,,,,,,,,,,,,6.004624281,13,7.208434242,1060
,,,,,,,,,,,,,,6.004624281,13,7.140741918,1061
,,,,,,,,,,,,,,5.885661913,13,7.140741918,1062
,,,,,,,,,,,,,,5.885661913,13,7.071067812,1063
,,,,,,,,,,,,,,5.885661913,13,7.071067812,1064
,,,,,,,,,,,,,,5.885661913,13,6.999271023,1065
,,,,,,,,,,,,,,5.885661913,13,6.999271023,1066
,,,,,,,,,,,,,,5.885661913,13,6.848661008,1067
,,,,,,,,,,,,,,5.885661913,13,6.848661008,1068
,,,,,,,,,,,,,,5.885661913,13,6.848661008,1069
,,,,,,,,,,,,,,5.885661913,13,6.848661008,1070
,,,,,,,,,,,,,,5.885661913,13,6.602195804,1071
,,,,,,,,,,,,,,5.885661913,13,6.602195804,1072
,,,,,,,,,,,,,,5.885661913,13,6.602195804,1073
,,,,,,,,,,,,,,5.885661913,13,6.602195804,1074
,,,,,,,,,,,,,,5.885661913,13,6.513555624,1075
,,,,,,,,,,,,,,5.885661913,13,6.513555624,1076
,,,,,,,,,,,,,,5.885661913,13,6.513555624,1077
,,,,,,,,,,,,,,5.885661913,13,6.421141352,1078
,,,,,,,,,,,,,,5.885661913,13,6.421141352,1079
,,,,,,,,,,,,,,5.885661913,13,6.32455532,1080
,,,,,,,,,,,,,,5.885661913,13,6.32455532,1081
,,,,,,,,,,,,,,5.885661913,13,6.32455532,1082
,,,,,,,,,,,,,,5.885661913,13,6.223329773,1083
,,,,,,,,,,,,,,5.885661913,13,6.223329773,1084
,,,,,,,,,,,,,,5.885661913,13,6.223329773,1085
,,,,,,,,,,,,,,5.885661913,13,6.223329773,1086
,,,,,,,,,,,,,,5.885661913,13,6.223329773,1087
,,,,,,,,,,,,,,5.885661913,13,6.004624281,1088
,,,,,,,,,,,,,,5.885661913,13,6.004624281,1089
,,,,,,,,,,,,,,5.885661913,13,5.623413252,1090
,,,,,,,,,,,,,,5.885661913,13,5.623413252,1091
,,,,,,,,,,,,,,5.885661913,13,5.318295897,1092
,,,,,,,,,,,,,,5.885661913,13,5.318295897,1093
,,,,,,,,,,,,,,5.885661913,13,5.318295897,1094
,,,,,,,,,,,,,,5.885661913,13,4.728708045,1095
,,,,,,,,,,,,,,5.885661913,14,13.64841969,1096
,,,,,,,,,,,,,,5.885661913,14,12.27457501,1097
,,,,,,,,,,,,,,5.885661913,14,11.2468265,1098
,,,,,,,,,,,,,,5.885661913,14,11.10352557,1099
,,,,,,,,,,,,,,5.885661913,14,10.79902949,1100
,,,,,,,,,,,,,,5.885661913,14,10,1101
,,,,,,,,,,,,,,5.885661913,14,9.924141173,1102
,,,,,,,,,,,,,,5.885661913,14,9.712868336,1103
,,,,,,,,,,,,,,5.759014491,14,9.397744871,1104
,,,,,,,,,,,,,,5.759014491,14,9.274872111,1105
,,,,,,,,,,,,,,5.759014491,14,9.179406175,1106
,,,,,,,,,,,,,,5.759014491,14,8.837561698,1107
,,,,,,,,,,,,,,5.759014491,14,8.572321289,1108
,,,,,,,,,,,,,,5.759014491,14,8.050304776,1109
,,,,,,,,,,,,,,5.759014491,14,8.00195241,1110
,,,,,,,,,,,,,,5.759014491,14,7.902529974,1111
,,,,,,,,,,,,,,5.759014491,14,7.902529974,1112
,,,,,,,,,,,,,,5.759014491,14,7.79920671,1113
,,,,,,,,,,,,,,5.759014491,14,7.691605673,1114
,,,,,,,,,,,,,,5.759014491,14,7.521206186,1115
,,,,,,,,,,,,,,5.759014491,14,7.521206186,1116
,,,,,,,,,,,,,,5.759014491,14,7.521206186,1117
,,,,,,,,,,,,,,5.759014491,14,7.461745347,1118
,,,,,,,,,,,,,,5.759014491,14,7.461745347,1119
,,,,,,,,,,,,,,5.759014491,14,7.461745347,1120
,,,,,,,,,,,,,,5.759014491,14,7.400828045,1121
,,,,,,,,,,,,,,5.759014491,14,7.338368216,1122
,,,,,,,,,,,,,,5.759014491,14,7.274271525,1123
,,,,,,,,,,,,,,5.759014491,14,7.274271525,1124
,,,,,,,,,,,,,,5.759014491,14,7.140741918,1125
,,,,,,,,,,,,,,5.759014491,14,7.140741918,1126
,,,,,,,,,,,,,,5.759014491,14,7.071067812,1127
,,,,,,,,,,,,,,5.759014491,14,7.071067812,1128
,,,,,,,,,,,,,,5.623413252,14,7.071067812,1129
,,,,,,,,,,,,,,5.623413252,14,6.999271023,1130
,,,,,,,,,,,,,,5.623413252,14,6.999271023,1131
,,,,,,,,,,,,,,5.623413252,14,6.925194238,1132
,,,,,,,,,,,,,,5.623413252,14,6.925194238,1133
,,,,,,,,,,,,,,5.623413252,14,6.769472428,1134
,,,,,,,,,,,,,,5.623413252,14,6.769472428,1135
,,,,,,,,,,,,,,5.623413252,14,6.769472428,1136
,,,,,,,,,,,,,,5.623413252,14,6.68740305,1137
,,,,,,,,,,,,,,5.623413252,14,6.68740305,1138
,,,,,,,,,,,,,,5.623413252,14,6.602195804,1139
,,,,,,,,,,,,,,5.623413252,14,6.602195804,1140
,,,,,,,,,,,,,,5.623413252,14,6.602195804,1141
,,,,,,,,,,,,,,5.623413252,14,6.602195804,1142
,,,,,,,,,,,,,,5.623413252,14,6.513555624,1143
,,,,,,,,,,,,,,5.623413252,14,6.513555624,1144
,,,,,,,,,,,,,,5.623413252,14,6.513555624,1145
,,,,,,,,,,,,,,5.623413252,14,6.513555624,1146
,,,,,,,,,,,,,,5.623413252,14,6.513555624,1147
,,,,,,,,,,,,,,5.623413252,14,6.513555624,1148
,,,,,,,,,,,,,,5.623413252,14,6.513555624,1149
,,,,,,,,,,,,,,5.477225575,14,6.421141352,1150
,,,,,,,,,,,,,,5.477225575,14,6.421141352,1151
,,,,,,,,,,,,,,5.477225575,14,6.421141352,1152
,,,,,,,,,,,,,,5.477225575,14,6.421141352,1153
,,,,,,,,,,,,,,5.477225575,14,6.421141352,1154
,,,,,,,,,,,,,,5.477225575,14,6.421141352,1155
,,,,,,,,,,,,,,5.477225575,14,6.421141352,1156
,,,,,,,,,,,,,,5.477225575,14,6.421141352,1157
,,,,,,,,,,,,,,5.477225575,14,6.32455532,1158
,,,,,,,,,,,,,,5.477225575,14,6.32455532,1159
,,,,,,,,,,,,,,5.477225575,14,6.32455532,1160
,,,,,,,,,,,,,,5.477225575,14,6.32455532,1161
,,,,,,,,,,,,,,5.477225575,14,6.32455532,1162
,,,,,,,,,,,,,,5.318295897,14,6.223329773,1163
,,,,,,,,,,,,,,5.318295897,14,6.223329773,1164
,,,,,,,,,,,,,,5.318295897,14,6.223329773,1165
,,,,,,,,,,,,,,5.318295897,14,6.116908849,1166
,,,,,,,,,,,,,,5.318295897,14,6.116908849,1167
,,,,,,,,,,,,,,5.318295897,14,6.116908849,1168
,,,,,,,,,,,,,,5.318295897,14,6.116908849,1169
,,,,,,,,,,,,,,5.318295897,14,6.116908849,1170
,,,,,,,,,,,,,,5.318295897,14,6.004624281,1171
,,,,,,,,,,,,,,5.143686724,14,6.004624281,1172
,,,,,,,,,,,,,,5.143686724,14,6.004624281,1173
,,,,,,,,,,,,,,5.143686724,14,6.004624281,1174
,,,,,,,,,,,,,,5.143686724,14,6.004624281,1175
,,,,,,,,,,,,,,5.143686724,14,6.004624281,1176
,,,,,,,,,,,,,,5.143686724,14,6.004624281,1177
,,,,,,,,,,,,,,5.143686724,14,6.004624281,1178
,,,,,,,,,,,,,,5.143686724,14,6.004624281,1179
,,,,,,,,,,,,,,5.143686724,14,5.885661913,1180
,,,,,,,,,,,,,,4.949232004,14,5.885661913,1181
,,,,,,,,,,,,,,4.949232004,14,5.885661913,1182
,,,,,,,,,,,,,,4.949232004,14,5.885661913,1183
,,,,,,,,,,,,,,4.728708045,14,5.759014491,1184
,,,,,,,,,,,,,,4.728708045,14,5.623413252,1185
,,,,,,,,,,,,,,4.728708045,14,5.623413252,1186
,,,,,,,,,,,,,,4.728708045,14,5.623413252,1187
,,,,,,,,,,,,,,4.728708045,14,5.477225575,1188
,,,,,,,,,,,,,,4.728708045,14,5.318295897,1189
,,,,,,,,,,,,,,4.728708045,14,5.143686724,1190
